Номер на Дроме,URL объявления,Марка авто,Модель авто,Цена продажи,Цена Дрома,Поколение авто,Комплектация авто,Пробег,Без пробега по РФ,Цвет,Тип кузова,Мощность двигателя,Тип топлива,Объем двигателя
crown,https://auto.drom.ru/ussuriisk/toyota/crown/53429123.html,null,null,null,null,null,null,null,null,null,null,null,null,null
crown,https://auto.drom.ru/vladivostok/toyota/crown/53110172.html,null,null,null,null,null,null,null,null,null,null,null,null,null
crown,https://auto.drom.ru/vladivostok/toyota/crown/53452791.html,null,null,null,null,null,null,null,null,null,null,null,null,null
crown,https://auto.drom.ru/vladivostok/toyota/crown/53377412.html,null,null,null,null,null,null,null,null,null,null,null,null,null
crown,https://auto.drom.ru/ussuriisk/toyota/crown/52306433.html,null,null,null,null,null,null,null,null,null,null,null,null,null
crown,https://auto.drom.ru/ussuriisk/toyota/crown/52964305.html,null,null,null,null,null,null,null,null,null,null,null,null,null
crown,https://auto.drom.ru/vladivostok/toyota/crown/53467801.html,null,null,null,null,null,null,null,null,null,null,null,null,null
crown,https://auto.drom.ru/vladivostok/toyota/crown/51934508.html,null,null,null,null,null,null,null,null,null,null,null,null,null
crown,https://auto.drom.ru/vladivostok/toyota/crown/52032589.html,null,null,null,null,null,null,null,null,null,null,null,null,null
crown,https://auto.drom.ru/ussuriisk/toyota/crown/52775202.html,null,null,null,null,null,null,null,null,null,null,null,null,null
crown,https://auto.drom.ru/vladivostok/toyota/crown/53170689.html,null,null,null,null,null,null,null,null,null,null,null,null,null
crown,https://auto.drom.ru/vladivostok/toyota/crown/52468000.html,null,null,null,null,null,null,null,null,null,null,null,null,null
crown,https://auto.drom.ru/vladivostok/toyota/crown/52577953.html,null,null,null,null,null,null,null,null,null,null,null,null,null
crown,https://auto.drom.ru/vladivostok/toyota/crown/52796074.html,null,null,null,null,null,null,null,null,null,null,null,null,null
crown,https://auto.drom.ru/vladivostok/toyota/crown/53477461.html,null,null,null,null,null,null,null,null,null,null,null,null,null
crown,https://auto.drom.ru/vladivostok/toyota/crown/53204452.html,null,null,null,null,null,null,null,null,null,null,null,null,null
crown,https://auto.drom.ru/vladivostok/toyota/crown/47755148.html,null,null,null,null,null,null,null,null,null,null,null,null,null
crown,https://auto.drom.ru/ussuriisk/toyota/crown/51919739.html,null,null,null,null,null,null,null,null,null,null,null,null,null
crown,https://auto.drom.ru/vladivostok/toyota/crown/52009398.html,null,null,null,null,null,null,null,null,null,null,null,null,null
crown,https://auto.drom.ru/vladivostok/toyota/crown/52936604.html,null,null,null,null,null,null,null,null,null,null,null,null,null
crown,https://auto.drom.ru/vladivostok/toyota/crown/52715524.html,null,null,null,null,null,null,null,null,null,null,null,null,null
crown,https://auto.drom.ru/vladivostok/toyota/crown/53170523.html,null,null,null,null,null,null,null,null,null,null,null,null,null
crown,https://auto.drom.ru/vladivostok/toyota/crown/49210921.html,null,null,null,null,null,null,null,null,null,null,null,null,null
crown,https://auto.drom.ru/ussuriisk/toyota/crown/53232608.html,null,null,null,null,null,null,null,null,null,null,null,null,null
crown,https://auto.drom.ru/vladivostok/toyota/crown/53441005.html,null,null,null,null,null,null,null,null,null,null,null,null,null
crown,https://auto.drom.ru/vladivostok/toyota/crown/52106516.html,null,null,null,null,null,null,null,null,null,null,null,null,null
crown,https://auto.drom.ru/vladivostok/toyota/crown/52544601.html,null,null,null,null,null,null,null,null,null,null,null,null,null
crown,https://auto.drom.ru/vladivostok/toyota/crown/51738678.html,null,null,null,null,null,null,null,null,null,null,null,null,null
crown,https://auto.drom.ru/vladivostok/toyota/crown/52530695.html,null,null,null,null,null,null,null,null,null,null,null,null,null
crown,https://auto.drom.ru/vladivostok/toyota/crown/53126959.html,null,null,null,null,null,null,null,null,null,null,null,null,null
crown,https://auto.drom.ru/vladivostok/toyota/crown/52849874.html,null,null,null,null,null,null,null,null,null,null,null,null,null
crown,https://auto.drom.ru/vladivostok/toyota/crown/52446832.html,null,null,null,null,null,null,null,null,null,null,null,null,null
crown,https://auto.drom.ru/vladivostok/toyota/crown/52969649.html,null,null,null,null,null,null,null,null,null,null,null,null,null
crown,https://auto.drom.ru/vladivostok/toyota/crown/53159929.html,null,null,null,null,null,null,null,null,null,null,null,null,null
crown,https://auto.drom.ru/vladivostok/toyota/crown/53480504.html,null,null,null,null,null,null,null,null,null,null,null,null,null
crown,https://auto.drom.ru/vladivostok/toyota/crown/51793516.html,null,null,null,null,null,null,null,null,null,null,null,null,null
crown,https://auto.drom.ru/vladivostok/toyota/crown/52535186.html,null,null,null,null,null,null,null,null,null,null,null,null,null
crown,https://auto.drom.ru/vladivostok/toyota/crown/53307387.html,null,null,null,null,null,null,null,null,null,null,null,null,null
crown,https://auto.drom.ru/ussuriisk/toyota/crown/50142882.html,null,null,null,null,null,null,null,null,null,null,null,null,null
crown,https://auto.drom.ru/vladivostok/toyota/crown/52607325.html,null,null,null,null,null,null,null,null,null,null,null,null,null
crown,https://auto.drom.ru/vladivostok/toyota/crown/52792836.html,null,null,null,null,null,null,null,null,null,null,null,null,null
crown,https://auto.drom.ru/vladivostok/toyota/crown/50694299.html,null,null,null,null,null,null,null,null,null,null,null,null,null
crown,https://auto.drom.ru/vladivostok/toyota/crown/52528028.html,null,null,null,null,null,null,null,null,null,null,null,null,null
crown,https://auto.drom.ru/vladivostok/toyota/crown/49439426.html,null,null,null,null,null,null,null,null,null,null,null,null,null
crown,https://auto.drom.ru/vladivostok/toyota/crown/52092409.html,null,null,null,null,null,null,null,null,null,null,null,null,null
crown,https://auto.drom.ru/ussuriisk/toyota/crown/53160503.html,null,null,null,null,null,null,null,null,null,null,null,null,null
crown,https://auto.drom.ru/vladivostok/toyota/crown/52691199.html,null,null,null,null,null,null,null,null,null,null,null,null,null
crown,https://auto.drom.ru/ussuriisk/toyota/crown/52966828.html,null,null,null,null,null,null,null,null,null,null,null,null,null
crown,https://auto.drom.ru/ussuriisk/toyota/crown/53085054.html,null,null,null,null,null,null,null,null,null,null,null,null,null
crown,https://auto.drom.ru/vladivostok/toyota/crown/53302386.html,null,null,null,null,null,null,null,null,null,null,null,null,null
crown,https://auto.drom.ru/vladivostok/toyota/crown/53302232.html,null,null,null,null,null,null,null,null,null,null,null,null,null
crown,https://auto.drom.ru/vladivostok/toyota/crown/50161701.html,null,null,null,null,null,null,null,null,null,null,null,null,null
crown,https://auto.drom.ru/ussuriisk/toyota/crown/53367255.html,null,null,null,null,null,null,null,null,null,null,null,null,null
crown,https://auto.drom.ru/vladivostok/toyota/crown/52490124.html,null,null,null,null,null,null,null,null,null,null,null,null,null
crown,https://auto.drom.ru/vladivostok/toyota/crown/51933085.html,null,null,null,null,null,null,null,null,null,null,null,null,null
crown,https://auto.drom.ru/vladivostok/toyota/crown/53146539.html,null,null,null,null,null,null,null,null,null,null,null,null,null
crown,https://auto.drom.ru/vladivostok/toyota/crown/53011055.html,null,null,null,null,null,null,null,null,null,null,null,null,null
crown,https://auto.drom.ru/vladivostok/toyota/crown/53400445.html,null,null,null,null,null,null,null,null,null,null,null,null,null
crown,https://auto.drom.ru/vladivostok/toyota/crown/52747777.html,null,null,null,null,null,null,null,null,null,null,null,null,null
crown,https://auto.drom.ru/vladivostok/toyota/crown/53070546.html,null,null,null,null,null,null,null,null,null,null,null,null,null
crown,https://auto.drom.ru/vladivostok/toyota/crown/53010127.html,null,null,null,null,null,null,null,null,null,null,null,null,null
crown,https://auto.drom.ru/vladivostok/toyota/crown/50326798.html,null,null,null,null,null,null,null,null,null,null,null,null,null
crown,https://auto.drom.ru/vladivostok/toyota/crown/52040007.html,null,null,null,null,null,null,null,null,null,null,null,null,null
crown,https://auto.drom.ru/vladivostok/toyota/crown/53005500.html,null,null,null,null,null,null,null,null,null,null,null,null,null
crown,https://auto.drom.ru/vladivostok/toyota/crown/52548859.html,null,null,null,null,null,null,null,null,null,null,null,null,null
crown,https://auto.drom.ru/vladivostok/toyota/crown/52150101.html,null,null,null,null,null,null,null,null,null,null,null,null,null
crown,https://auto.drom.ru/artem/toyota/crown/53374562.html,null,null,null,null,null,null,null,null,null,null,null,null,null
crown,https://auto.drom.ru/artem/toyota/crown/53281211.html,null,null,null,null,null,null,null,null,null,null,null,null,null
crown,https://auto.drom.ru/artem/toyota/crown/49006013.html,null,null,null,null,null,null,null,null,null,null,null,null,null
crown,https://auto.drom.ru/artem/toyota/crown/52543812.html,null,null,null,null,null,null,null,null,null,null,null,null,null
crown,https://auto.drom.ru/pokrovka/toyota/crown/52294496.html,null,null,null,null,null,null,null,null,null,null,null,null,null
crown,https://auto.drom.ru/nakhodka/toyota/crown/46999566.html,null,null,null,null,null,null,null,null,null,null,null,null,null
crown,https://auto.drom.ru/nakhodka/toyota/crown/50283875.html,null,null,null,null,null,null,null,null,null,null,null,null,null
crown,https://auto.drom.ru/nakhodka/toyota/crown/53411528.html,null,null,null,null,null,null,null,null,null,null,null,null,null
crown,https://auto.drom.ru/nakhodka/toyota/crown/52374008.html,null,null,null,null,null,null,null,null,null,null,null,null,null
crown,https://auto.drom.ru/nakhodka/toyota/crown/51213918.html,null,null,null,null,null,null,null,null,null,null,null,null,null
crown,https://auto.drom.ru/nakhodka/toyota/crown/53302302.html,null,null,null,null,null,null,null,null,null,null,null,null,null
crown,https://auto.drom.ru/nakhodka/toyota/crown/52866899.html,null,null,null,null,null,null,null,null,null,null,null,null,null
crown,https://auto.drom.ru/spassk-dalniy/toyota/crown/52950287.html,null,null,null,null,null,null,null,null,null,null,null,null,null
crown,https://auto.drom.ru/spassk-dalniy/toyota/crown/52192758.html,null,null,null,null,null,null,null,null,null,null,null,null,null
crown,https://auto.drom.ru/spassk-dalniy/toyota/crown/50779228.html,null,null,null,null,null,null,null,null,null,null,null,null,null
crown,https://auto.drom.ru/spassk-dalniy/toyota/crown/50078141.html,null,null,null,null,null,null,null,null,null,null,null,null,null
crown,https://auto.drom.ru/lesozavodsk/toyota/crown/53427523.html,null,null,null,null,null,null,null,null,null,null,null,null,null
crown,https://auto.drom.ru/habarovsk/toyota/crown/51705886.html,null,null,null,null,null,null,null,null,null,null,null,null,null
crown,https://auto.drom.ru/habarovsk/toyota/crown/52898747.html,null,null,null,null,null,null,null,null,null,null,null,null,null
crown,https://auto.drom.ru/habarovsk/toyota/crown/53038268.html,null,null,null,null,null,null,null,null,null,null,null,null,null
crown,https://auto.drom.ru/vladivostok/toyota/crown/52355143.html,null,null,null,null,null,null,null,null,null,null,null,null,null
crown,https://auto.drom.ru/vladivostok/toyota/crown/48876894.html,null,null,null,null,null,null,null,null,null,null,null,null,null
crown,https://auto.drom.ru/vladivostok/toyota/crown/53109538.html,null,null,null,null,null,null,null,null,null,null,null,null,null
crown,https://auto.drom.ru/vladivostok/toyota/crown/53417538.html,null,null,null,null,null,null,null,null,null,null,null,null,null
crown,https://auto.drom.ru/vladivostok/toyota/crown/53439710.html,null,null,null,null,null,null,null,null,null,null,null,null,null
crown,https://auto.drom.ru/vladivostok/toyota/crown/51066967.html,null,null,null,null,null,null,null,null,null,null,null,null,null
crown,https://auto.drom.ru/vladivostok/toyota/crown/52288748.html,null,null,null,null,null,null,null,null,null,null,null,null,null
crown,https://auto.drom.ru/vladivostok/toyota/crown/48879300.html,null,null,null,null,null,null,null,null,null,null,null,null,null
crown,https://auto.drom.ru/vladivostok/toyota/crown/51160389.html,null,null,null,null,null,null,null,null,null,null,null,null,null
crown,https://auto.drom.ru/vladivostok/toyota/crown/51021544.html,null,null,null,null,null,null,null,null,null,null,null,null,null
crown,https://auto.drom.ru/vladivostok/toyota/crown/52729037.html,null,null,null,null,null,null,null,null,null,null,null,null,null
crown,https://auto.drom.ru/vladivostok/toyota/crown/41030432.html,null,null,null,null,null,null,null,null,null,null,null,null,null
crown,https://auto.drom.ru/vladivostok/toyota/crown/53431404.html,null,null,null,null,null,null,null,null,null,null,null,null,null
crown,https://auto.drom.ru/vladivostok/toyota/crown/49703551.html,null,null,null,null,null,null,null,null,null,null,null,null,null
crown,https://auto.drom.ru/vladivostok/toyota/crown/53448041.html,null,null,null,null,null,null,null,null,null,null,null,null,null
crown,https://auto.drom.ru/vladivostok/toyota/crown/53333237.html,null,null,null,null,null,null,null,null,null,null,null,null,null
crown,https://auto.drom.ru/vladivostok/toyota/crown/51346255.html,null,null,null,null,null,null,null,null,null,null,null,null,null
crown,https://auto.drom.ru/vladivostok/toyota/crown/49322554.html,null,null,null,null,null,null,null,null,null,null,null,null,null
crown,https://auto.drom.ru/vladivostok/toyota/crown/49703568.html,null,null,null,null,null,null,null,null,null,null,null,null,null
crown,https://auto.drom.ru/vladivostok/toyota/crown/53249945.html,null,null,null,null,null,null,null,null,null,null,null,null,null
crown,https://auto.drom.ru/ussuriisk/toyota/crown/50414413.html,null,null,null,null,null,null,null,null,null,null,null,null,null
crown,https://auto.drom.ru/ussuriisk/toyota/crown/50976988.html,null,null,null,null,null,null,null,null,null,null,null,null,null
crown,https://auto.drom.ru/vladivostok/toyota/crown/50300803.html,null,null,null,null,null,null,null,null,null,null,null,null,null
crown,https://auto.drom.ru/vladivostok/toyota/crown/50843872.html,null,null,null,null,null,null,null,null,null,null,null,null,null
crown,https://auto.drom.ru/ussuriisk/toyota/crown/52296840.html,null,null,null,null,null,null,null,null,null,null,null,null,null
